{
    " Visual Studio Code -  project ": 514.5038156509399,
    " Google Chrome -  CS50's Introduction to Programming with Python ": 72.07417154312134,
    "HP": 1.0002403259277344,
    " Google Chrome -  The heart of the internet ": 14.016277551651001,
    " Google Chrome -  YouTube ": 1.0007452964782715,
    " Google Chrome - Java Tutorial ": 1.0005147457122803,
    " Google Chrome - cs50.harvard.edu/python/notes/5/ ": 3.001657485961914,
    " Google Chrome - src.pdf ": 15.013831377029419
}