{
    " Visual Studio Code -  project ": 19.011970281600952,
    "Search": 4.0042736530303955
}