{
    " Visual Studio Code- project ": 240.3516652584076,
    " Google Chrome-(1442) YouTube ": 60.09046530723572,
    " Google Chrome- YouTube ": 240.38017654418945
}