{
    " Visual Studio Code -  project ": 82.06835293769836,
    "Screen time tracking app": 473.3429651260376,
    "": 1.0004608631134033
}